{"cameraMode":{"drawMode":0,"name":"Shaded","section":"Shading Mode"},"sceneLighting":true,"audioPlay":false,"sceneViewState":{"m_AlwaysRefresh":false,"showFog":true,"showSkybox":true,"showFlares":true,"showImageEffects":true,"showParticleSystems":true,"showVisualEffectGraphs":true,"m_FxEnabled":true},"in2DMode":false,"pivot":{"x":-0.9454734325408936,"y":0.6656632423400879,"z":1.2030432224273682},"rotation":{"x":-0.2380795180797577,"y":0.5413323044776917,"z":-0.16319800913333894,"w":-0.7897167205810547},"size":2.3178813457489015,"orthographic":false}